{
  "name": "uniform_vs_per",
  "conditions": [
    {
      "name": "uniform_replay",
      "overrides": {
        "per.enabled": false
      },
      "metrics": {
        "total_return": -0.002382006542377894,
        "sharpe": -0.10549161462511716,
        "max_drawdown": -0.023511255264067502,
        "win_rate": 0.6666666666666666,
        "n_trades": 3,
        "final_value": 9976.179934576221
      },
      "run_dir": "/home/corsight/src/RL_Course/assignment1/assignment2/results/run_1779560305"
    },
    {
      "name": "prioritized_replay",
      "overrides": {
        "per.enabled": true
      },
      "metrics": {
        "total_return": -0.22304868195614408,
        "sharpe": -3.932972716848273,
        "max_drawdown": -0.24089348455493867,
        "win_rate": 0.35714285714285715,
        "n_trades": 14,
        "final_value": 7769.513180438559
      },
      "run_dir": "/home/corsight/src/RL_Course/assignment1/assignment2/results/run_1779560394"
    }
  ]
}