{
  "0.0": [
    {
      "rewards": [
        -289.69457244873047,
        -317.65396881103516,
        -318.0826835632324,
        -232.4342498779297
      ],
      "explained_variance": [
        -0.012695908546447754,
        0.5606769919395447,
        0.6436160802841187,
        0.44672513008117676
      ],
      "mean_kl": [
        0.03835493078222498,
        0.03532776487409137,
        0.025807659386191516,
        0.04343298254534602
      ],
      "clip_fraction": [
        0.4218505859375,
        0.418115234375,
        0.3946533203125,
        0.4433349609375
      ]
    },
    {
      "rewards": [
        -302.08273696899414,
        -274.44042205810547,
        -309.3571968078613,
        -203.82569885253906
      ],
      "explained_variance": [
        -0.18199777603149414,
        0.418984055519104,
        0.6864765286445618,
        0.6531013250350952
      ],
      "mean_kl": [
        0.04940298774745315,
        0.04467519599129446,
        0.029563556384528056,
        0.0326917867991142
      ],
      "clip_fraction": [
        0.4224609375,
        0.477587890625,
        0.38505859375,
        0.3887451171875
      ]
    },
    {
      "rewards": [
        -267.9602966308594,
        -309.75891494750977,
        -324.77747344970703,
        -260.235164642334
      ],
      "explained_variance": [
        -0.305675745010376,
        0.2681393623352051,
        0.6528242230415344,
        0.5875647068023682
      ],
      "mean_kl": [
        0.02917438093572855,
        0.06801952076493763,
        0.031682147999526934,
        0.03707488176005427
      ],
      "clip_fraction": [
        0.3821044921875,
        0.5592529296875,
        0.4284423828125,
        0.38701171875
      ]
    }
  ],
  "0.95": [
    {
      "rewards": [
        -289.69457244873047,
        -285.2525177001953,
        -237.80123901367188,
        -214.4996223449707
      ],
      "explained_variance": [
        0.00859534740447998,
        0.3041953444480896,
        0.3339594602584839,
        0.2955092191696167
      ],
      "mean_kl": [
        0.011210930277593434,
        0.00783726423396729,
        0.01088994272868149,
        0.014147928514285013
      ],
      "clip_fraction": [
        0.1454833984375,
        0.1314208984375,
        0.143115234375,
        0.15810546875
      ]
    },
    {
      "rewards": [
        -302.08273696899414,
        -267.207706451416,
        -233.78678131103516,
        -148.32775783538818
      ],
      "explained_variance": [
        -0.018778085708618164,
        0.105709969997406,
        0.24624967575073242,
        0.3239402770996094
      ],
      "mean_kl": [
        0.011743536056019365,
        0.007150822557741776,
        0.010378203046275302,
        0.007330455910414457
      ],
      "clip_fraction": [
        0.1478515625,
        0.135693359375,
        0.134130859375,
        0.1609619140625
      ]
    },
    {
      "rewards": [
        -267.9602966308594,
        -279.0337829589844,
        -250.49520874023438,
        -229.08756637573242
      ],
      "explained_variance": [
        -0.03930652141571045,
        0.24601882696151733,
        0.29381102323532104,
        0.22105586528778076
      ],
      "mean_kl": [
        0.008080911252181976,
        0.01046664682799019,
        0.007728378043975681,
        0.012742509925737977
      ],
      "clip_fraction": [
        0.1421630859375,
        0.128076171875,
        0.1182373046875,
        0.1668212890625
      ]
    }
  ],
  "1.0": [
    {
      "rewards": [
        -289.69457244873047,
        -310.1944808959961,
        -311.9515190124512,
        -275.68658447265625
      ],
      "explained_variance": [
        -0.0014226436614990234,
        0.039200425148010254,
        0.09168630838394165,
        -2.8569095134735107
      ],
      "mean_kl": [
        0.008598198014078661,
        0.011574002786073834,
        0.007798827067017555,
        0.0058936940447892995
      ],
      "clip_fraction": [
        0.1156494140625,
        0.1545166015625,
        0.1356201171875,
        0.1190185546875
      ]
    },
    {
      "rewards": [
        -302.08273696899414,
        -306.66920471191406,
        -280.36954498291016,
        -221.4803638458252
      ],
      "explained_variance": [
        0.0008736252784729004,
        0.03117614984512329,
        -0.06000208854675293,
        0.11774325370788574
      ],
      "mean_kl": [
        0.0065087301773019135,
        0.009471788414521143,
        0.012768886459525675,
        0.007742858852725476
      ],
      "clip_fraction": [
        0.1291259765625,
        0.1367431640625,
        0.14599609375,
        0.108203125
      ]
    },
    {
      "rewards": [
        -267.9602966308594,
        -358.7619323730469,
        -363.7689666748047,
        -244.62174224853516
      ],
      "explained_variance": [
        -0.004049777984619141,
        -0.006353974342346191,
        -0.01767587661743164,
        0.032725512981414795
      ],
      "mean_kl": [
        0.006135025573894381,
        0.010658897599205375,
        0.013378676446154713,
        0.008786158164730296
      ],
      "clip_fraction": [
        0.1086669921875,
        0.136474609375,
        0.171240234375,
        0.0936767578125
      ]
    }
  ]
}