{
  "best_config": {
    "gamma": 0.999,
    "lambda": 0.95,
    "clip_eps": 0.3
  },
  "runs": [
    {
      "env_id": "HalfCheetah-v5",
      "seed": 0,
      "final_mean_reward": -163.48448028564454,
      "total_timesteps": 32768,
      "n_iterations": 8,
      "wall_clock_s": 20.3,
      "per_iteration_reward": [
        -289.69457244873047,
        -299.61437225341797,
        -228.25513076782227,
        -168.87390518188477,
        -132.59991836547852,
        -193.79919815063477,
        -191.5217514038086,
        -130.62762832641602
      ]
    },
    {
      "env_id": "Walker2d-v5",
      "seed": 0,
      "final_mean_reward": 381.1206527709961,
      "total_timesteps": 32768,
      "n_iterations": 8,
      "wall_clock_s": 24.3,
      "per_iteration_reward": [
        2.0564289174858152,
        12.410735586942252,
        32.607358107491144,
        88.82010406063449,
        163.8060685634613,
        154.6227643966675,
        292.28383174695466,
        398.4350911458333
      ]
    }
  ]
}