{
  "reinforce_mask_off": {
    "n_episodes": 20,
    "mean_reward": 0.5245954938349471,
    "std_reward": 2.220446049250313e-16,
    "final_reward": 0.5245954938349469,
    "action_distribution": [
      0.21964285714285714,
      0.18214285714285713,
      0.18928571428571428,
      0.24642857142857144,
      0.1625
    ]
  },
  "reinforce_mask_on": {
    "n_episodes": 20,
    "mean_reward": 0.5245954938349471,
    "std_reward": 2.220446049250313e-16,
    "final_reward": 0.5245954938349469,
    "action_distribution": [
      0.21428571428571427,
      0.18392857142857144,
      0.19642857142857142,
      0.24107142857142858,
      0.16428571428571428
    ]
  },
  "a2c_mask_off": {
    "n_episodes": 20,
    "mean_reward": 0.5245954938349471,
    "std_reward": 2.220446049250313e-16,
    "final_reward": 0.5245954938349469,
    "action_distribution": [
      0.18214285714285713,
      0.16071428571428573,
      0.24107142857142858,
      0.22678571428571428,
      0.18928571428571428
    ]
  },
  "a2c_mask_on": {
    "n_episodes": 20,
    "mean_reward": 0.5245954938349471,
    "std_reward": 2.220446049250313e-16,
    "final_reward": 0.5245954938349469,
    "action_distribution": [
      0.19464285714285715,
      0.1625,
      0.2375,
      0.21607142857142858,
      0.18928571428571428
    ]
  }
}