{
  "overload=0.0_imbalance=0.0": {
    "n_episodes": 20,
    "mean_reward": 6.839694678783417,
    "std_reward": 0.0,
    "final_reward": 6.839694678783417,
    "action_distribution": [
      0.21071428571428572,
      0.08214285714285714,
      0.39464285714285713,
      0.16428571428571428,
      0.14821428571428572
    ]
  },
  "overload=0.0_imbalance=0.3": {
    "n_episodes": 20,
    "mean_reward": 1.8925344295916298,
    "std_reward": 4.440892098500626e-16,
    "final_reward": 1.8925344295916302,
    "action_distribution": [
      0.19642857142857142,
      0.1392857142857143,
      0.2892857142857143,
      0.17857142857142858,
      0.19642857142857142
    ]
  },
  "overload=0.0_imbalance=0.6": {
    "n_episodes": 20,
    "mean_reward": -3.054625819600156,
    "std_reward": 4.440892098500626e-16,
    "final_reward": -3.0546258196001563,
    "action_distribution": [
      0.1375,
      0.2857142857142857,
      0.20892857142857144,
      0.15892857142857142,
      0.20892857142857144
    ]
  },
  "overload=0.2_imbalance=0.0": {
    "n_episodes": 20,
    "mean_reward": 5.471755743026733,
    "std_reward": 0.0,
    "final_reward": 5.471755743026733,
    "action_distribution": [
      0.20714285714285716,
      0.09642857142857143,
      0.36964285714285716,
      0.1732142857142857,
      0.15357142857142858
    ]
  },
  "overload=0.2_imbalance=0.3": {
    "n_episodes": 20,
    "mean_reward": 0.5245954938349471,
    "std_reward": 2.220446049250313e-16,
    "final_reward": 0.5245954938349469,
    "action_distribution": [
      0.18214285714285713,
      0.16071428571428573,
      0.24107142857142858,
      0.22678571428571428,
      0.18928571428571428
    ]
  },
  "overload=0.2_imbalance=0.6": {
    "n_episodes": 20,
    "mean_reward": -4.422564755356841,
    "std_reward": 8.881784197001252e-16,
    "final_reward": -4.42256475535684,
    "action_distribution": [
      0.125,
      0.30357142857142855,
      0.20892857142857144,
      0.15357142857142858,
      0.20892857142857144
    ]
  },
  "overload=0.5_imbalance=0.0": {
    "n_episodes": 20,
    "mean_reward": 3.4198473393917084,
    "std_reward": 0.0,
    "final_reward": 3.4198473393917084,
    "action_distribution": [
      0.20535714285714285,
      0.11607142857142858,
      0.325,
      0.1875,
      0.16607142857142856
    ]
  },
  "overload=0.5_imbalance=0.3": {
    "n_episodes": 20,
    "mean_reward": -1.527312909800078,
    "std_reward": 2.220446049250313e-16,
    "final_reward": -1.5273129098000782,
    "action_distribution": [
      0.15178571428571427,
      0.2517857142857143,
      0.21607142857142858,
      0.1732142857142857,
      0.20714285714285716
    ]
  },
  "overload=0.5_imbalance=0.6": {
    "n_episodes": 20,
    "mean_reward": -6.474473158991866,
    "std_reward": 8.881784197001252e-16,
    "final_reward": -6.474473158991865,
    "action_distribution": [
      0.10714285714285714,
      0.32857142857142857,
      0.20892857142857144,
      0.14821428571428572,
      0.20714285714285716
    ]
  }
}