{
  "persistence_one_step_mse": 0.17538702487945557,
  "linear_one_step_mse": 5341466.145095387,
  "lstm_one_step_mse": 0.05514230579137802,
  "lstm_rollout_mse": {
    "1": 0.044729530811309814,
    "7": 0.06872470836554255,
    "28": NaN
  },
  "n_test": 17
}