{
  "n_episodes": 20,
  "reward": {
    "mean": 17528.196880164174,
    "median": 19094.71954759672,
    "std": 10415.489626887475,
    "min": -471.9939907596407,
    "max": 29942.462709196523,
    "q25": 9873.931798011079,
    "q75": 26918.86333542877
  },
  "coverage": {
    "mean": 0.04195686289918114,
    "median": 0.04541021154837323,
    "std": 0.023639213772577314,
    "min": 0.0011394444226160072,
    "max": 0.0702734435489649,
    "q25": 0.02465521983419119,
    "q75": 0.06328596819262851
  },
  "collisions_mean": 161.2
}