{
  "n_episodes": 20,
  "reward": {
    "mean": 15077.96135265112,
    "median": 19094.71954759672,
    "std": 7962.190351675853,
    "min": -471.9939907596407,
    "max": 21312.7531568157,
    "q25": 9873.931798011079,
    "q75": 21294.338807818698
  },
  "coverage": {
    "mean": 0.03619631263766361,
    "median": 0.04541021154837323,
    "std": 0.01787704002742906,
    "min": 0.0011394444226160072,
    "max": 0.05008239593035753,
    "q25": 0.02465521983419119,
    "q75": 0.050045415989664103
  },
  "collisions_mean": 161.2
}