{
  "_runtime_seconds": 27.32,
  "entropy=0.0": {
    "n_episodes": 60,
    "mean_reward": 4.794465947006429,
    "std_reward": 1.1114582827133694,
    "final_reward": 5.471755743026733,
    "final_30pct_mean": 5.3834135957197375,
    "action_distribution": [
      0.029166666666666667,
      0.027976190476190477,
      0.03511904761904762,
      0.044642857142857144,
      0.8630952380952381
    ]
  },
  "entropy=0.01": {
    "n_episodes": 60,
    "mean_reward": 4.703179061455866,
    "std_reward": 1.068818292089421,
    "final_reward": 5.471755743026733,
    "final_30pct_mean": 5.216545095250966,
    "action_distribution": [
      0.03571428571428571,
      0.03333333333333333,
      0.036904761904761905,
      0.0494047619047619,
      0.8446428571428571
    ]
  },
  "entropy=0.1": {
    "n_episodes": 60,
    "mean_reward": 2.7596518207019503,
    "std_reward": 0.6303322095388976,
    "final_reward": 4.234965680728787,
    "final_30pct_mean": 2.841122912107291,
    "action_distribution": [
      0.1595238095238095,
      0.12857142857142856,
      0.14464285714285716,
      0.11547619047619048,
      0.4517857142857143
    ]
  },
  "entropy=0.5": {
    "n_episodes": 60,
    "mean_reward": 1.8497277034398896,
    "std_reward": 0.3754974285317886,
    "final_reward": 2.99817561843084,
    "final_30pct_mean": 1.8988066741659988,
    "action_distribution": [
      0.17916666666666667,
      0.1875,
      0.19166666666666668,
      0.1738095238095238,
      0.26785714285714285
    ]
  }
}