{
  "_runtime_seconds": 27.93,
  "gamma=0.9": {
    "n_episodes": 60,
    "mean_reward": 5.130166106773015,
    "std_reward": 0.9008396612667402,
    "final_reward": 5.471755743026733,
    "final_30pct_mean": 5.442308360591068,
    "action_distribution": [
      0.017261904761904763,
      0.01369047619047619,
      0.019642857142857142,
      0.018452380952380953,
      0.930952380952381
    ]
  },
  "gamma=0.95": {
    "n_episodes": 60,
    "mean_reward": 4.979984456351121,
    "std_reward": 0.9995250197670711,
    "final_reward": 5.471755743026733,
    "final_30pct_mean": 5.403045184010181,
    "action_distribution": [
      0.023214285714285715,
      0.02142857142857143,
      0.02738095238095238,
      0.02738095238095238,
      0.9005952380952381
    ]
  },
  "gamma=0.99": {
    "n_episodes": 60,
    "mean_reward": 4.703179061455866,
    "std_reward": 1.068818292089421,
    "final_reward": 5.471755743026733,
    "final_30pct_mean": 5.216545095250966,
    "action_distribution": [
      0.03571428571428571,
      0.03333333333333333,
      0.036904761904761905,
      0.0494047619047619,
      0.8446428571428571
    ]
  },
  "gamma=0.999": {
    "n_episodes": 60,
    "mean_reward": 4.108341936255425,
    "std_reward": 0.980606678125573,
    "final_reward": 5.118387153798748,
    "final_30pct_mean": 3.9797550329530202,
    "action_distribution": [
      0.05952380952380952,
      0.07857142857142857,
      0.05773809523809524,
      0.07976190476190476,
      0.7244047619047619
    ]
  }
}