{
  "_runtime_seconds": 27.5,
  "reinforce_mask_off": {
    "n_episodes": 60,
    "mean_reward": 7.216555793147898,
    "std_reward": 0.6869964705151456,
    "final_reward": 6.5942771648436445,
    "final_30pct_mean": 7.3516467096914635,
    "action_distribution": [
      0.18571428571428572,
      0.20833333333333334,
      0.18988095238095237,
      0.16488095238095238,
      0.2511904761904762
    ]
  },
  "reinforce_mask_on": {
    "n_episodes": 60,
    "mean_reward": 7.318554665769048,
    "std_reward": 0.6281272657441671,
    "final_reward": 6.832627715266908,
    "final_30pct_mean": 7.484076758229394,
    "action_distribution": [
      0.1880952380952381,
      0.20714285714285716,
      0.17976190476190476,
      0.16428571428571428,
      0.26071428571428573
    ]
  },
  "a2c_mask_off": {
    "n_episodes": 60,
    "mean_reward": 11.604834341109031,
    "std_reward": 1.144152530020544,
    "final_reward": 11.999236123263836,
    "final_30pct_mean": 11.912288259521999,
    "action_distribution": [
      0.020833333333333332,
      0.01488095238095238,
      0.005952380952380952,
      0.018452380952380953,
      0.9398809523809524
    ]
  },
  "a2c_mask_on": {
    "n_episodes": 60,
    "mean_reward": 10.126070798465,
    "std_reward": 0.8447855836096948,
    "final_reward": 10.451829429063478,
    "final_30pct_mean": 10.45535783877761,
    "action_distribution": [
      0.11904761904761904,
      0.18095238095238095,
      0.017261904761904763,
      0.044642857142857144,
      0.638095238095238
    ]
  }
}