{
  "_runtime_seconds": 16.49,
  "no_baseline": {
    "n_episodes": 60,
    "mean_reward": 1.6200381204416994,
    "std_reward": 0.40005111699827123,
    "final_reward": 2.1147541453608785,
    "final_30pct_mean": 1.8693592917303334,
    "action_distribution": [
      0.19523809523809524,
      0.1886904761904762,
      0.1494047619047619,
      0.24523809523809523,
      0.22142857142857142
    ]
  },
  "mean_baseline": {
    "n_episodes": 60,
    "mean_reward": 1.8408934887091897,
    "std_reward": 0.5440279379788533,
    "final_reward": 2.99817561843084,
    "final_30pct_mean": 2.3503332048462013,
    "action_distribution": [
      0.19107142857142856,
      0.16845238095238096,
      0.13214285714285715,
      0.24226190476190476,
      0.26607142857142857
    ]
  },
  "state_value_baseline_a2c": {
    "n_episodes": 60,
    "mean_reward": 4.703179061455866,
    "std_reward": 1.068818292089421,
    "final_reward": 5.471755743026733,
    "final_30pct_mean": 5.216545095250966,
    "action_distribution": [
      0.03571428571428571,
      0.03333333333333333,
      0.036904761904761905,
      0.0494047619047619,
      0.8446428571428571
    ]
  }
}