{
  "world_model_best_val_loss": 0.05602232366800308,
  "world_model_best_epoch": 29,
  "reinforce_final_reward": 6.359781176563122,
  "a2c_final_reward": 6.914196804906753,
  "comparison": {
    "reinforce": {
      "name": "reinforce",
      "n_episodes": 60,
      "mean_final_reward": 6.169024356969713,
      "overall_std": 0.1709569825778368,
      "final_std": 0.14976360895539753,
      "final_cv": 0.024276708972010435,
      "action_distribution": [
        0.1595238095238095,
        0.22857142857142856,
        0.24761904761904763,
        0.14047619047619048,
        0.22380952380952382
      ]
    },
    "a2c": {
      "name": "a2c",
      "n_episodes": 60,
      "mean_final_reward": 7.055560816144894,
      "overall_std": 0.26289966719596125,
      "final_std": 0.074222785554825,
      "final_cv": 0.010519757038304402,
      "action_distribution": [
        0.18095238095238095,
        0.16607142857142856,
        0.04523809523809524,
        0.03869047619047619,
        0.569047619047619
      ]
    },
    "reinforce_rewards": [
      6.134138704387741,
      6.42484034081949,
      6.0779069119466484,
      6.281438266073349,
      5.931318394642069,
      6.092907364695976,
      6.101873480694511,
      6.145825000692816,
      6.17222903871941,
      6.468501504071974,
      6.368339211914208,
      6.297985158727418,
      6.2422936630665316,
      6.13629177467368,
      6.284070335528942,
      6.517890905237937,
      6.273141241761679,
      6.268855376465904,
      6.3724538469355725,
      6.419720652221616,
      6.140557714200629,
      6.311362358092458,
      6.00206232981469,
      6.2714652138018065,
      5.9230054051994445,
      6.335893423879325,
      6.732290837798595,
      5.945059129312526,
      6.155987521071458,
      6.249528886208748,
      6.3292829786678135,
      6.044341598980296,
      5.994356098563783,
      5.984642557253607,
      6.280928966408551,
      6.4143719328619975,
      6.477728629566527,
      6.0899841318249015,
      6.134961468967297,
      6.1034750332908985,
      6.316300769817918,
      5.995388749584144,
      5.834838581754028,
      6.128932396990869,
      6.281462346749701,
      6.0342341003424345,
      6.411870539461511,
      6.033571246182257,
      6.174937981264588,
      6.164195784548298,
      6.151398417108931,
      6.131458904604482,
      6.217559381101371,
      6.067574395065768,
      6.1444504144881025,
      6.181426416595511,
      6.220277173496585,
      6.491249241778104,
      6.013219927359176,
      6.359781176563122
    ],
    "a2c_rewards": [
      6.1319513148162095,
      6.313171695619559,
      6.550995706249174,
      6.0188086417239886,
      6.4279734058200075,
      6.4459543784945925,
      6.488586731342188,
      6.611725252630179,
      6.509248412810332,
      6.533227982105237,
      6.595774670415734,
      6.429378235819942,
      6.478440550396941,
      6.4699200659969875,
      6.820154882412808,
      6.672077006447022,
      6.789984400862989,
      6.913313140013428,
      6.801909743871641,
      6.704782959478467,
      6.773466592533939,
      6.811668624281044,
      6.7885391624188465,
      6.992279997662058,
      6.870671518538728,
      6.8143363801431756,
      7.020569332554807,
      6.8974286045356745,
      6.835387935657272,
      6.920058404980617,
      6.724378519610603,
      7.079547775099024,
      6.939958709917556,
      6.991463364368423,
      6.886380857822654,
      7.070525579033574,
      7.074170042723201,
      6.979961264885575,
      7.073347909605222,
      6.950351148039691,
      6.8690540777276645,
      7.049276411745357,
      7.02013792893279,
      7.073377188918052,
      7.062532879231349,
      7.100130221267433,
      7.063667649861606,
      7.066765404884602,
      6.847731183956675,
      7.135068017643228,
      7.069619774778707,
      7.128460028975661,
      7.119176649734858,
      7.010262393787948,
      7.129755629147543,
      7.017421831085471,
      7.07628084859773,
      7.030856929373764,
      7.134653325523898,
      6.914196804906753
    ],
    "winner": "a2c"
  }
}