{
  "world_model_best_val_loss": 0.05602232366800308,
  "world_model_best_epoch": 29,
  "reinforce_final_reward": 7.068031902289281,
  "a2c_final_reward": 8.103425913514231,
  "comparison": {
    "reinforce": {
      "name": "reinforce",
      "n_episodes": 60,
      "mean_final_reward": 6.608945329665969,
      "overall_std": 0.2927437084782188,
      "final_std": 0.2722941902447116,
      "final_cv": 0.041200853791670565,
      "action_distribution": [
        0.14583333333333334,
        0.21666666666666667,
        0.28035714285714286,
        0.1357142857142857,
        0.22142857142857142
      ]
    },
    "a2c": {
      "name": "a2c",
      "n_episodes": 60,
      "mean_final_reward": 7.833690380401344,
      "overall_std": 0.3978080479664894,
      "final_std": 0.26297075891457733,
      "final_cv": 0.033569205080212085,
      "action_distribution": [
        0.4583333333333333,
        0.14821428571428572,
        0.04404761904761905,
        0.030357142857142857,
        0.319047619047619
      ]
    },
    "reinforce_rewards": [
      6.709940738194825,
      7.134393341531416,
      6.845236760752355,
      6.750253046858896,
      6.3579266912137635,
      6.677020105314391,
      6.891035887381249,
      6.650229916471704,
      6.624056628275428,
      7.275040318621572,
      7.238394371755503,
      6.765068103860411,
      6.800777204326553,
      6.7460966387245636,
      6.8059346768471745,
      7.0412602152847406,
      7.1618233307773735,
      6.908786538389822,
      6.915557890044572,
      6.966938627046681,
      6.699642698785012,
      6.912785927437843,
      6.6019234961565765,
      7.03694093777511,
      6.433714083140468,
      7.042311619968935,
      7.396998950821185,
      6.416420422306001,
      6.390107688237898,
      6.666792986786998,
      7.17457198218434,
      6.55232622924546,
      6.321392175474822,
      6.262037991024618,
      6.809699546811561,
      7.022119878181911,
      6.973454100567945,
      6.534656715849426,
      6.7082592642075065,
      6.800335514631206,
      7.045815831793278,
      6.175240983766046,
      6.039188472311443,
      6.518849318446426,
      6.869573721145151,
      6.4079948121630395,
      6.8448527882844115,
      6.368398726823372,
      6.553898049043783,
      6.516448873721723,
      6.583334663450997,
      6.77497105167558,
      6.682374135753697,
      6.251529882767936,
      6.611748908252296,
      6.818284922057654,
      6.926970642038257,
      6.913708669733486,
      6.210856394028912,
      7.068031902289281
    ],
    "a2c_rewards": [
      6.35962558129383,
      7.077417228899475,
      7.143100760311481,
      6.879142131784706,
      7.151937774173823,
      6.801083144465117,
      6.7435707922200825,
      7.523280928501171,
      6.941411351242713,
      7.238743104890884,
      6.947110393165535,
      7.209358510516731,
      6.956735585979423,
      7.351877797995282,
      7.60239812412315,
      7.293103831313866,
      7.54525538188225,
      7.741326372885537,
      7.698481076711741,
      7.492554073069274,
      7.830698427921595,
      7.687126336191361,
      7.821932156286255,
      7.814355570193291,
      7.670057145387628,
      7.611883295073971,
      7.622933700546424,
      7.234278591154622,
      7.048842963292684,
      7.521757541820774,
      6.982379545295878,
      7.226748761546022,
      7.1713478147150616,
      7.213764214830562,
      7.204887818785143,
      7.11706261381396,
      7.277759586334053,
      6.95734984076888,
      7.623713114074272,
      7.37316461407228,
      7.714010673709329,
      7.266941030451729,
      7.500332172264319,
      7.616191971441724,
      7.782586226505734,
      7.493166881363552,
      7.810271017590311,
      7.715424966206644,
      7.5308177850116325,
      7.7086887513954006,
      7.6886691756950984,
      7.557451046427971,
      7.937038573565575,
      8.240596338311533,
      8.364185108869407,
      7.808446873024164,
      7.923949457615423,
      7.948670672051015,
      8.276513916370442,
      8.103425913514231
    ],
    "winner": "a2c"
  }
}